ds,trend,yhat_lower,yhat_upper,trend_lower,trend_upper,additive_terms,additive_terms_lower,additive_terms_upper,weekly,weekly_lower,weekly_upper,yearly,yearly_lower,yearly_upper,multiplicative_terms,multiplicative_terms_lower,multiplicative_terms_upper,yhat
2013-01-06,288076.1138754517,126411.91238036344,357411.02576521214,288076.1138754517,288076.1138754517,-44313.97728367621,-44313.97728367621,-44313.97728367621,-19033.197642201507,-19033.197642201507,-19033.197642201507,-25280.779641474703,-25280.779641474703,-25280.779641474703,0.0,0.0,0.0,243762.13659177546
2013-01-13,337928.75984189694,191109.27345752856,460446.6131699604,337928.75984189694,337928.75984189694,-12253.10319365211,-12253.10319365211,-12253.10319365211,2.0481820683926344e-07,2.0481820683926344e-07,2.0481820683926344e-07,-12253.10319385694,-12253.10319385694,-12253.10319385694,0.0,0.0,0.0,325675.65664824477
2013-01-20,339910.25557170564,214508.60641386462,488846.758790909,339910.25557170564,339910.25557170564,10717.443123972873,10717.443123972873,10717.443123972873,1.6766716726124287e-07,1.6766716726124287e-07,1.6766716726124287e-07,10717.443123805213,10717.443123805213,10717.443123805213,0.0,0.0,0.0,350627.6986956785
2013-01-27,341891.75130151433,224587.66739350188,499481.01862172777,341891.75130151433,341891.75130151433,19126.78000271943,19126.78000271943,19126.78000271943,-1.763401087373495e-07,-1.763401087373495e-07,-1.763401087373495e-07,19126.78000289578,19126.78000289578,19126.78000289578,0.0,0.0,0.0,361018.53130423377
2013-02-03,343873.24697795144,220596.8637723522,493589.7037686733,343873.24697795144,343873.24697795144,13564.767563737274,13564.767563737274,13564.767563737274,-2.9968941817060113e-07,-2.9968941817060113e-07,-2.9968941817060113e-07,13564.767564036945,13564.767564036945,13564.767564036945,0.0,0.0,0.0,357438.01454168867
2013-02-10,345854.74232526374,214726.6809253462,486830.6865926732,345854.74232526374,345854.74232526374,7766.706060587319,7766.706060587319,7766.706060587319,1.4009128790348768e-07,1.4009128790348768e-07,1.4009128790348768e-07,7766.706060447243,7766.706060447243,7766.706060447243,0.0,0.0,0.0,353621.448385851
2013-02-17,347836.23761920433,218983.8419732676,490753.5248281994,347836.23761920433,347836.23761920433,9796.602460023067,9796.602460023067,9796.602460023067,-2.4537439458072186e-07,-2.4537439458072186e-07,-2.4537439458072186e-07,9796.602460268447,9796.602460268447,9796.602460268447,0.0,0.0,0.0,357632.84007922746
2013-02-24,349817.7329131449,232451.541638903,503733.491924313,349817.7329131449,349817.7329131449,15107.849237197704,15107.849237197704,15107.849237197704,-3.222739906050265e-07,-3.222739906050265e-07,-3.222739906050265e-07,15107.849237519982,15107.849237519982,15107.849237519982,0.0,0.0,0.0,364925.5821503427
2013-03-03,351799.22820110305,233925.58465554705,510212.9057899193,351799.22820110305,351799.22820110305,16228.570055281984,16228.570055281984,16228.570055281984,1.4264514902606606e-07,1.4264514902606606e-07,1.4264514902606606e-07,16228.570055139342,16228.570055139342,16228.570055139342,0.0,0.0,0.0,368027.79825638514
2013-03-10,353780.72329164034,230491.72545191666,503631.33072777395,353780.72329164034,353780.72329164034,13194.585582245236,13194.585582245236,13194.585582245236,4.757748683914542e-08,4.757748683914542e-08,4.757748683914542e-08,13194.585582197664,13194.585582197664,13194.585582197664,0.0,0.0,0.0,366975.30887388554
2013-03-17,355762.21829244075,234027.22983565516,506862.17902846576,355762.21829244075,355762.21829244075,11141.408816649397,11141.408816649397,11141.408816649397,-7.284688763320446e-08,-7.284688763320446e-08,-7.284688763320446e-08,11141.408816722247,11141.408816722247,11141.408816722247,0.0,0.0,0.0,366903.62710909016
2013-03-24,357743.7132932411,231758.17512379482,500648.64813742193,357743.7132932411,357743.7132932411,10731.540872380843,10731.540872380843,10731.540872380843,1.0375515557825565e-07,1.0375515557825565e-07,1.0375515557825565e-07,10731.540872277097,10731.540872277097,10731.540872277097,0.0,0.0,0.0,368475.25416562194
2013-03-31,359725.2082940415,229752.29646091218,501351.11240736215,359725.2082940415,359725.2082940415,6535.225474115403,6535.225474115403,6535.225474115403,3.81398422177881e-07,3.81398422177881e-07,3.81398422177881e-07,6535.225473734019,6535.225473734019,6535.225473734019,0.0,0.0,0.0,366260.433768157
2013-04-07,361706.70332968363,223425.8312809257,495403.5310169787,361706.70332968363,361706.70332968363,-3753.366733280185,-3753.366733280185,-3753.366733280185,-1.1547672329470515e-07,-1.1547672329470515e-07,-1.1547672329470515e-07,-3753.3667331647057,-3753.3667331647057,-3753.3667331647057,0.0,0.0,0.0,357953.3365964035
2013-04-14,363688.1984117816,213897.45602752082,486693.96311937494,363688.1984117816,363688.1984117816,-12673.858693695365,-12673.858693695365,-12673.858693695365,-3.251625457778573e-08,-3.251625457778573e-08,-3.251625457778573e-08,-12673.858693662849,-12673.858693662849,-12673.858693662849,0.0,0.0,0.0,351014.3397180862
2013-04-21,365669.6934938794,223412.3119144802,492621.250640544,365669.6934938794,365669.6934938794,-9977.506189086016,-9977.506189086016,-9977.506189086016,2.0964944269508123e-07,2.0964944269508123e-07,2.0964944269508123e-07,-9977.50618929567,-9977.50618929567,-9977.50618929567,0.0,0.0,0.0,355692.18730479333
2013-04-28,367651.1885759772,235145.35218259136,509125.24541581166,367651.1885759772,367651.1885759772,4140.584123378816,4140.584123378816,4140.584123378816,-1.6002013580873609e-07,-1.6002013580873609e-07,-1.6002013580873609e-07,4140.584123538848,4140.584123538848,4140.584123538848,0.0,0.0,0.0,371791.77269935596
2013-05-05,369632.6835652167,248489.41467324033,518234.7416424639,369632.6835652167,369632.6835652167,16835.285885539655,16835.285885539655,16835.285885539655,-2.692468115128577e-07,-2.692468115128577e-07,-2.692468115128577e-07,16835.285885808902,16835.285885808902,16835.285885808902,0.0,0.0,0.0,386467.96945075644
2013-05-12,371614.17822016665,253564.22137958973,529349.0587874118,371614.17822016665,371614.17822016665,16046.323810088295,16046.323810088295,16046.323810088295,1.34510628413409e-07,1.34510628413409e-07,1.34510628413409e-07,16046.323809953785,16046.323809953785,16046.323809953785,0.0,0.0,0.0,387660.5020302549
2013-05-19,373595.67284725903,239254.8332414264,518273.8243336495,373595.67284725903,373595.67284725903,4306.218577324806,4306.218577324806,4306.218577324806,2.7903297450393438e-08,2.7903297450393438e-08,2.7903297450393438e-08,4306.218577296909,4306.218577296909,4306.218577296909,0.0,0.0,0.0,377901.8914245839
2013-05-26,375577.1674743514,234519.16607899388,508567.1522917901,375577.1674743514,375577.1674743514,-3942.4002381054597,-3942.4002381054597,-3942.4002381054597,-1.944281393662095e-07,-1.944281393662095e-07,-1.944281393662095e-07,-3942.400237911027,-3942.400237911027,-3942.400237911027,0.0,0.0,0.0,371634.76723624597
2013-06-02,377558.66209495044,242029.6070419454,516066.84320028796,377558.66209495044,377558.66209495044,1132.642428748637,1132.642428748637,1132.642428748637,-7.584458217024803e-08,-7.584458217024803e-08,-7.584458217024803e-08,1132.6424288244805,1132.6424288244805,1132.6424288244805,0.0,0.0,0.0,378691.30452369904
2013-06-09,379540.15663762897,255572.66755175876,536270.2078365835,379540.15663762897,379540.15663762897,13752.005529923008,13752.005529923008,13752.005529923008,1.8694117898121476e-07,1.8694117898121476e-07,1.8694117898121476e-07,13752.005529736067,13752.005529736067,13752.005529736067,0.0,0.0,0.0,393292.16216755204
2013-06-16,381521.6511586629,262286.39261240454,536961.00840484,381521.6511586629,381521.6511586629,19653.845079524246,19653.845079524246,19653.845079524246,-1.6819103620946407e-07,-1.6819103620946407e-07,-1.6819103620946407e-07,19653.84507969244,19653.84507969244,19653.84507969244,0.0,0.0,0.0,401175.4962381872
2013-06-23,383503.14567969687,257468.1945114942,536086.0322115747,383503.14567969687,383503.14567969687,12279.619313658812,12279.619313658812,12279.619313658812,-7.975177140906453e-08,-7.975177140906453e-08,-7.975177140906453e-08,12279.619313738574,12279.619313738574,12279.619313738574,0.0,0.0,0.0,395782.7649933557
2013-06-30,385484.6402007309,243902.18486099952,515981.495817247,385484.6402007309,385484.6402007309,-1012.0210131842541,-1012.0210131842541,-1012.0210131842541,2.3799657355993986e-07,2.3799657355993986e-07,2.3799657355993986e-07,-1012.0210134222621,-1012.0210134222621,-1012.0210134222621,0.0,0.0,0.0,384472.61918754666
2013-07-07,387374.8845369296,244737.10317460797,513459.0161794102,387374.8845369296,387374.8845369296,-8596.790114129588,-8596.790114129588,-8596.790114129588,-2.0762672647833824e-07,-2.0762672647833824e-07,-2.0762672647833824e-07,-8596.790113921968,-8596.790113921968,-8596.790113921968,0.0,0.0,0.0,378778.0944228
2013-07-14,389196.69123450184,245391.87289746516,518553.1728727176,389196.69123450184,389196.69123450184,-7098.033851724402,-7098.033851724402,-7098.033851724402,-4.216417437419295e-08,-4.216417437419295e-08,-4.216417437419295e-08,-7098.033851682233,-7098.033851682233,-7098.033851682233,0.0,0.0,0.0,382098.6573827774
2013-07-21,391018.49793207407,248691.86889286828,528473.7537674768,391018.49793207407,391018.49793207407,-2284.233781166018,-2284.233781166018,-2284.233781166018,1.9535946194082499e-07,1.9535946194082499e-07,1.9535946194082499e-07,-2284.2337813613844,-2284.2337813613844,-2284.2337813613844,0.0,0.0,0.0,388734.26415090804
2013-07-28,392840.3046296463,256089.2559388209,531911.4987980698,392840.3046296463,392840.3046296463,153.0421479358556,153.0421479358556,153.0421479358556,3.420573193579912e-07,3.420573193579912e-07,3.420573193579912e-07,153.04214759379806,153.04214759379806,153.04214759379806,0.0,0.0,0.0,392993.3467775822
2013-08-04,394547.12037020474,257596.8721382901,526849.2386023058,394547.12037020474,394547.12037020474,572.1258077549282,572.1258077549282,572.1258077549282,-1.0835356079041958e-07,-1.0835356079041958e-07,-1.0835356079041958e-07,572.1258078632777,572.1258078632777,572.1258078632777,0.0,0.0,0.0,395119.2461779596
2013-08-11,395839.9686655133,263466.40871949075,534803.5845277922,395839.9686655133,395839.9686655133,1369.2564320964957,1369.2564320964957,1369.2564320964957,1.0980875231325626e-07,1.0980875231325626e-07,1.0980875231325626e-07,1369.2564319866947,1369.2564319866947,1369.2564319866947,0.0,0.0,0.0,397209.2250976099
2013-08-18,397098.3196737179,258466.29424697356,535256.2526379253,397098.3196737179,397098.3196737179,771.8239723878505,771.8239723878505,771.8239723878505,1.0969233699142933e-07,1.0969233699142933e-07,1.0969233699142933e-07,771.8239722781693,771.8239722781693,771.8239722781693,0.0,0.0,0.0,397870.1436461057
2013-08-25,398356.6706819224,258336.86866887638,528549.5837796107,398356.6706819224,398356.6706819224,-5483.941127463695,-5483.941127463695,-5483.941127463695,-2.2320455173030496e-07,-2.2320455173030496e-07,-2.2320455173030496e-07,-5483.9411272404905,-5483.9411272404905,-5483.9411272404905,0.0,0.0,0.0,392872.72955445875
2013-09-01,399575.94089491444,245970.35674545026,518010.4885334985,399575.94089491444,399575.94089491444,-16862.287552679816,-16862.287552679816,-16862.287552679816,-2.1557207219302654e-07,-2.1557207219302654e-07,-2.1557207219302654e-07,-16862.287552464244,-16862.287552464244,-16862.287552464244,0.0,0.0,0.0,382713.65334223467
2013-09-08,400326.241565356,234685.62108558926,512292.0832026694,400326.241565356,400326.241565356,-26451.078669096976,-26451.078669096976,-26451.078669096976,1.1641532182693481e-07,1.1641532182693481e-07,1.1641532182693481e-07,-26451.07866921339,-26451.07866921339,-26451.07866921339,0.0,0.0,0.0,373875.162896259
2013-09-15,400946.27291842236,236326.34513877312,509009.018516168,400946.27291842236,400946.27291842236,-28920.354987162624,-28920.354987162624,-28920.354987162624,-3.796376404352486e-07,-3.796376404352486e-07,-3.796376404352486e-07,-28920.354986782986,-28920.354986782986,-28920.354986782986,0.0,0.0,0.0,372025.9179312597
2013-09-22,401566.3042714887,241173.5421592079,511146.71932293207,401566.3042714887,401566.3042714887,-27786.173271385014,-27786.173271385014,-27786.173271385014,-1.475855242460966e-07,-1.475855242460966e-07,-1.475855242460966e-07,-27786.17327123742,-27786.17327123742,-27786.17327123742,0.0,0.0,0.0,373780.13100010366
2013-09-29,402186.3356245551,233976.6324611721,508474.41106344777,402186.3356245551,402186.3356245551,-31166.743596404813,-31166.743596404813,-31166.743596404813,4.729372449219227e-08,4.729372449219227e-08,4.729372449219227e-08,-31166.7435964521,-31166.7435964521,-31166.7435964521,0.0,0.0,0.0,371019.5920281503
2013-10-06,402500.6504935938,228046.4476248594,500598.8811669709,402500.6504935938,402500.6504935938,-40377.21339073479,-40377.21339073479,-40377.21339073479,2.358283381909132e-07,2.358283381909132e-07,2.358283381909132e-07,-40377.21339097061,-40377.21339097061,-40377.21339097061,0.0,0.0,0.0,362123.437102859
2013-10-13,402585.6779996118,218892.18291305934,492018.08339056524,402585.6779996118,402585.6779996118,-46620.312644777834,-46620.312644777834,-46620.312644777834,-7.284688763320446e-08,-7.284688763320446e-08,-7.284688763320446e-08,-46620.312644704994,-46620.312644704994,-46620.312644704994,0.0,0.0,0.0,355965.36535483407
2013-10-20,402670.70550562994,224325.5443522833,498957.3398545732,402670.70550562994,402670.70550562994,-41645.77440872061,-41645.77440872061,-41645.77440872061,2.7975329430773854e-07,2.7975329430773854e-07,2.7975329430773854e-07,-41645.77440900037,-41645.77440900037,-41645.77440900037,0.0,0.0,0.0,361024.93109690933
2013-10-27,402755.73301164794,237823.84685130208,514849.6609382127,402755.73301164794,402755.73301164794,-29285.927189227332,-29285.927189227332,-29285.927189227332,2.533415681682527e-07,2.533415681682527e-07,2.533415681682527e-07,-29285.927189480666,-29285.927189480666,-29285.927189480666,0.0,0.0,0.0,373469.80582242063
2013-11-03,402756.83300592314,241140.05060118952,518912.8514526867,402756.83300592314,402756.83300592314,-21547.593282530484,-21547.593282530484,-21547.593282530484,-2.0171137293800712e-07,-2.0171137293800712e-07,-2.0171137293800712e-07,-21547.593282328773,-21547.593282328773,-21547.593282328773,0.0,0.0,0.0,381209.23972339265
2013-11-10,402573.29247436416,242538.95498599712,520406.5893142176,402573.29247436416,402573.29247436416,-22052.93484113748,-22052.93484113748,-22052.93484113748,6.524351192638278e-08,6.524351192638278e-08,6.524351192638278e-08,-22052.93484120274,-22052.93484120274,-22052.93484120274,0.0,0.0,0.0,380520.35763322667
2013-11-17,402384.1567753556,248782.35490327308,519494.0308879518,402384.1567753556,402384.1567753556,-17887.487963974774,-17887.487963974774,-17887.487963974774,2.0252628019079566e-07,2.0252628019079566e-07,2.0252628019079566e-07,-17887.487964177297,-17887.487964177297,-17887.487964177297,0.0,0.0,0.0,384496.66881138086
2013-11-24,402195.0210763471,272000.0405394129,545096.4700149773,402195.0210763471,402195.0210763471,6634.310313138594,6634.310313138594,6634.310313138594,-1.3401586329564452e-07,-1.3401586329564452e-07,-1.3401586329564452e-07,6634.31031327262,6634.31031327262,6634.31031327262,0.0,0.0,0.0,408829.33138948574
2013-12-01,402000.50662209996,312216.59495407174,587585.5124808754,402000.50662209996,402000.50662209996,47748.58428508308,47748.58428508308,47748.58428508308,-2.0829611457884312e-07,-2.0829611457884312e-07,-2.0829611457884312e-07,47748.58428529139,47748.58428529139,47748.58428529139,0.0,0.0,0.0,449749.09090718307
2013-12-08,401772.82317721494,343324.2394176388,618205.1907861568,401772.82317721494,401772.82317721494,78720.23009288024,78720.23009288024,78720.23009288024,1.3945827959105372e-07,1.3945827959105372e-07,1.3945827959105372e-07,78720.23009274079,78720.23009274079,78720.23009274079,0.0,0.0,0.0,480493.0532700952
2013-12-15,401539.7609770914,336968.61091061094,608484.7424208046,401539.7609770914,401539.7609770914,73303.67154084108,73303.67154084108,73303.67154084108,-1.5279510989785194e-09,-1.5279510989785194e-09,-1.5279510989785194e-09,73303.67154084261,73303.67154084261,73303.67154084261,0.0,0.0,0.0,474843.4325179325
2013-12-22,401306.6987769678,297260.2063919545,573570.0896941116,401306.6987769678,401306.6987769678,32995.45057901919,32995.45057901919,32995.45057901919,-2.412780304439366e-07,-2.412780304439366e-07,-2.412780304439366e-07,32995.450579260476,32995.450579260476,32995.450579260476,0.0,0.0,0.0,434302.14935598697
2013-12-29,401073.62916139746,252558.21823033586,526055.7516498966,401073.62916139746,401073.62916139746,-11936.063785457365,-11936.063785457365,-11936.063785457365,4.2404280975461006e-08,4.2404280975461006e-08,4.2404280975461006e-08,-11936.06378549977,-11936.06378549977,-11936.06378549977,0.0,0.0,0.0,389137.5653759401
2014-01-05,400840.31483608444,233449.99532785913,507662.2252552284,400840.31483608444,400840.31483608444,-30093.27976616457,-30093.27976616457,-30093.27976616457,1.6327248886227608e-07,1.6327248886227608e-07,1.6327248886227608e-07,-30093.279766327847,-30093.279766327847,-30093.279766327847,0.0,0.0,0.0,370747.03506991995
2014-01-12,400606.8892790701,249041.83139808255,519681.23206796474,400606.8892790701,400606.8892790701,-16565.93222073502,-16565.93222073502,-16565.93222073502,-3.4932600101456046e-07,-3.4932600101456046e-07,-3.4932600101456046e-07,-16565.932220385705,-16565.932220385705,-16565.932220385705,0.0,0.0,0.0,384040.9570583351
2014-01-19,400373.46372205566,272116.77867413056,548643.5750469014,400373.46372205566,400373.46372205566,7342.163246011558,7342.163246011558,7342.163246011558,4.807952791452408e-08,4.807952791452408e-08,4.807952791452408e-08,7342.163245963473,7342.163245963473,7342.163245963473,0.0,0.0,0.0,407715.62696806726
2014-01-26,400140.03816504136,277850.4632304635,553979.4425124862,400140.03816504136,400140.03816504136,18944.00878762093,18944.00878762093,18944.00878762093,2.3800384951755404e-07,2.3800384951755404e-07,2.3800384951755404e-07,18944.00878738292,18944.00878738292,18944.00878738292,0.0,0.0,0.0,419084.0469526623
2014-02-02,399906.5994670361,280507.1730698881,554428.6730583099,399906.5994670361,399906.5994670361,14995.406772068527,14995.406772068527,14995.406772068527,-4.045432433485985e-09,-4.045432433485985e-09,-4.045432433485985e-09,14995.406772072567,14995.406772072567,14995.406772072567,0.0,0.0,0.0,414902.00623910455
2014-02-09,399673.1432477095,271226.57220651914,542437.2870226466,399673.1432477095,399673.1432477095,8279.541361930977,8279.541361930977,8279.541361930977,-5.7501893024891615e-08,-5.7501893024891615e-08,-5.7501893024891615e-08,8279.541361988486,8279.541361988486,8279.541361988486,0.0,0.0,0.0,407952.6846096405
2014-02-16,399439.6870283831,270316.9228446642,544975.9296208479,399439.6870283831,399439.6870283831,8940.947208832215,8940.947208832215,8940.947208832215,3.0222872737795115e-07,3.0222872737795115e-07,3.0222872737795115e-07,8940.947208529988,8940.947208529988,8940.947208529988,0.0,0.0,0.0,408380.6342372154
2014-02-23,399206.23080905667,274410.89494275855,548757.2744874059,399206.23080905667,399206.23080905667,14318.135578271394,14318.135578271394,14318.135578271394,8.686765795573592e-08,8.686765795573592e-08,8.686765795573592e-08,14318.135578184538,14318.135578184538,14318.135578184538,0.0,0.0,0.0,413524.366387328
2014-03-02,398972.77442860045,283725.3661994892,554762.8811582652,398972.77442860045,398972.77442860045,16452.726085015885,16452.726085015885,16452.726085015885,-2.0168226910755038e-07,-2.0168226910755038e-07,-2.0168226910755038e-07,16452.72608521757,16452.72608521757,16452.72608521757,0.0,0.0,0.0,415425.50051361637
2014-03-09,398739.3174680771,272681.73259907245,548219.4124462244,398739.3174680771,398739.3174680771,13803.493634437727,13803.493634437727,13803.493634437727,1.8321588868275285e-07,1.8321588868275285e-07,1.8321588868275285e-07,13803.493634254508,13803.493634254508,13803.493634254508,0.0,0.0,0.0,412542.81110251485
2014-03-16,398505.860459215,273041.8659644977,544325.8524290867,398505.860459215,398505.860459215,11298.091519486428,11298.091519486428,11298.091519486428,5.591573426499963e-08,5.591573426499963e-08,5.591573426499963e-08,11298.091519430509,11298.091519430509,11298.091519430509,0.0,0.0,0.0,409803.9519787014
2014-03-23,398272.4034503528,272231.546068586,546364.8960694767,398272.4034503528,398272.4034503528,10899.412858560921,10899.412858560921,10899.412858560921,-2.438246156089008e-07,-2.438246156089008e-07,-2.438246156089008e-07,10899.412858804735,10899.412858804735,10899.412858804735,0.0,0.0,0.0,409171.81630891375
2014-03-30,398038.94639053417,267502.3251918221,542513.4148040803,398038.94639053417,398038.94639053417,7787.285454250166,7787.285454250166,7787.285454250166,-1.727021299302578e-07,-1.727021299302578e-07,-1.727021299302578e-07,7787.285454422869,7787.285454422869,7787.285454422869,0.0,0.0,0.0,405826.23184478434
2014-04-06,397805.48871923826,260976.50098364972,534382.3931766136,397805.48871923826,397805.48871923826,-1687.5762234805297,-1687.5762234805297,-1687.5762234805297,1.2134842108935118e-07,1.2134842108935118e-07,1.2134842108935118e-07,-1687.5762236018854,-1687.5762236018854,-1687.5762236018854,0.0,0.0,0.0,396117.9124957577
2014-04-13,397572.0308780876,253775.69042470664,522612.2101935056,397572.0308780876,397572.0308780876,-11709.05756310081,-11709.05756310081,-11709.05756310081,-2.7325586415827274e-07,-2.7325586415827274e-07,-2.7325586415827274e-07,-11709.057562827564,-11709.057562827564,-11709.057562827564,0.0,0.0,0.0,385862.97331498686
2014-04-20,397338.5730369369,251027.28255458164,524671.5585489993,397338.5730369369,397338.5730369369,-11505.54898527023,-11505.54898527023,-11505.54898527023,-1.4757824828848243e-07,-1.4757824828848243e-07,-1.4757824828848243e-07,-11505.548985122647,-11505.548985122647,-11505.548985122647,0.0,0.0,0.0,385833.02405166667
2014-04-27,397105.11519578623,261723.4717938429,532947.9755114476,397105.11519578623,397105.11519578623,1259.2412629822793,1259.2412629822793,1259.2412629822793,1.8462742445990443e-07,1.8462742445990443e-07,1.8462742445990443e-07,1259.2412627976428,1259.2412627976428,1259.2412627976428,0.0,0.0,0.0,398364.35645876854
2014-05-04,396871.65734546393,272054.91011909477,551178.1704081823,396871.65734546393,396871.65734546393,15353.797462655304,15353.797462655304,15353.797462655304,7.788912625983357e-08,7.788912625983357e-08,7.788912625983357e-08,15353.797462577404,15353.797462577404,15353.797462577404,0.0,0.0,0.0,412225.4548081192
2014-05-11,396638.1994882629,279860.1258117475,551137.6223823929,396638.1994882629,396638.1994882629,17289.967388622325,17289.967388622325,17289.967388622325,-2.5394547265022993e-07,-2.5394547265022993e-07,-2.5394547265022993e-07,17289.967388876266,17289.967388876266,17289.967388876266,0.0,0.0,0.0,413928.16687688517
2014-05-18,396404.74163106177,262274.6623918688,542306.8131616743,396404.74163106177,396404.74163106177,6608.839434703179,6608.839434703179,6608.839434703179,2.9665534384548664e-07,2.9665534384548664e-07,2.9665534384548664e-07,6608.839434406532,6608.839434406532,6608.839434406532,0.0,0.0,0.0,403013.58106576494
2014-05-25,396171.2837738607,251885.3276790324,527503.3637615193,396171.2837738607,396171.2837738607,-3350.5330773902824,-3350.5330773902824,-3350.5330773902824,2.533488441258669e-07,2.533488441258669e-07,2.533488441258669e-07,-3350.5330776436394,-3350.5330776436394,-3350.5330776436394,0.0,0.0,0.0,392820.7506964705
2014-06-01,395937.82595005276,259507.00696129372,533952.668528418,395937.82595005276,395937.82595005276,-693.2857831882284,-693.2857831882284,-693.2857831882284,-2.996966941282153e-08,-2.996966941282153e-08,-2.996966941282153e-08,-693.2857831582547,-693.2857831582547,-693.2857831582547,0.0,0.0,0.0,395244.5401668646
2014-06-08,395704.36819970945,269298.5384303947,546312.4682263641,395704.36819970945,395704.36819970945,11594.572537393564,11594.572537393564,11594.572537393564,4.993489710614085e-08,4.993489710614085e-08,4.993489710614085e-08,11594.572537343623,11594.572537343623,11594.572537343623,0.0,0.0,0.0,407298.940737103
2014-06-15,395470.9104515924,277090.2318167926,552869.8132879912,395470.9104515924,395470.9104515924,19580.429160391155,19580.429160391155,19580.429160391155,1.023290678858757e-07,1.023290678858757e-07,1.023290678858757e-07,19580.429160288833,19580.429160288833,19580.429160288833,0.0,0.0,0.0,415051.3396119836
2014-06-22,395237.4527034753,272137.41870086844,544866.2512771079,395237.4527034753,395237.4527034753,14384.712179572613,14384.712179572613,14384.712179572613,-1.5055411495268345e-07,-1.5055411495268345e-07,-1.5055411495268345e-07,14384.712179723168,14384.712179723168,14384.712179723168,0.0,0.0,0.0,409622.16488304804
2014-06-29,395003.99493937363,260034.53086027515,532149.3013625528,395003.99493937363,395003.99493937363,1220.868171103728,1220.868171103728,1220.868171103728,-3.4827826311811805e-07,-3.4827826311811805e-07,-3.4827826311811805e-07,1220.8681714520235,1220.8681714520235,1220.8681714520235,0.0,0.0,0.0,396224.8631104773
2014-07-06,394770.53707669926,250697.83335633532,525281.1030917253,394770.53707669926,394770.53707669926,-7966.49829137067,-7966.49829137067,-7966.49829137067,1.365770003758371e-07,1.365770003758371e-07,1.365770003758371e-07,-7966.4982915072505,-7966.4982915072505,-7966.4982915072505,0.0,0.0,0.0,386804.03878532856
2014-07-13,394537.0791980403,249267.86386162793,525828.925254589,394537.0791980403,394537.0791980403,-7835.599010419035,-7835.599010419035,-7835.599010419035,-1.8941500457003713e-07,-1.8941500457003713e-07,-1.8941500457003713e-07,-7835.59901022961,-7835.59901022961,-7835.59901022961,0.0,0.0,0.0,386701.48018762126
2014-07-20,394303.6213193813,252506.786679781,526943.0179755713,394303.6213193813,394303.6213193813,-3060.367739116853,-3060.367739116853,-3060.367739116853,-2.6192719815298915e-07,-2.6192719815298915e-07,-2.6192719815298915e-07,-3060.3677388549286,-3060.3677388549286,-3060.3677388549286,0.0,0.0,0.0,391243.25358026446
2014-07-27,394070.1634407223,259407.98382325826,530044.6105840459,394070.1634407223,394070.1634407223,-52.09456903934915,-52.09456903934915,-52.09456903934915,9.202631190419197e-08,9.202631190419197e-08,9.202631190419197e-08,-52.0945691313804,-52.0945691313804,-52.0945691313804,0.0,0.0,0.0,394018.068871683
2014-08-03,393836.70583473134,254710.72434030968,530735.0123916114,393836.70583473134,393836.70583473134,505.65195256292645,505.65195256292645,505.65195256292645,1.6820558812469244e-07,1.6820558812469244e-07,1.6820558812469244e-07,505.6519523947332,505.6519523947332,505.6519523947332,0.0,0.0,0.0,394342.3577872943
2014-08-10,393603.24843324145,258896.78274917626,524749.9058251802,393603.24843324145,393603.24843324145,1208.8476294213833,1208.8476294213833,1208.8476294213833,-1.3102544471621513e-07,-1.3102544471621513e-07,-1.3102544471621513e-07,1208.847629552419,1208.847629552419,1208.847629552419,0.0,0.0,0.0,394812.0960626629
2014-08-17,393369.7910317515,257116.9708271512,528694.7500809996,393369.7910317515,393369.7910317515,1193.155617679382,1193.155617679382,1193.155617679382,2.90005118586123e-07,2.90005118586123e-07,2.90005118586123e-07,1193.155617389377,1193.155617389377,1193.155617389377,0.0,0.0,0.0,394562.94664943084
2014-08-24,393136.3336302616,251041.2193067727,522888.00102301996,393136.3336302616,393136.3336302616,-3870.7704122556534,-3870.7704122556534,-3870.7704122556534,1.8463470041751862e-07,1.8463470041751862e-07,1.8463470041751862e-07,-3870.770412440278,-3870.770412440278,-3870.770412440278,0.0,0.0,0.0,389265.5632180059
2014-08-31,392973.04142897093,241208.98720405262,511510.10618759994,392973.04142897093,392973.04142897093,-14721.113191723562,-14721.113191723562,-14721.113191723562,-4.423782229423523e-08,-4.423782229423523e-08,-4.423782229423523e-08,-14721.11319167931,-14721.11319167931,-14721.11319167931,0.0,0.0,0.0,378251.9282372474
2014-09-07,392964.1126681187,231500.58531771443,504082.8015295202,392964.1126681187,392964.1126681187,-25205.955780080447,-25205.955780080447,-25205.955780080447,-2.314773155376315e-07,-2.314773155376315e-07,-2.314773155376315e-07,-25205.95577984897,-25205.95577984897,-25205.95577984897,0.0,0.0,0.0,367758.15688803815
2014-09-14,392959.8615872796,229248.0789507597,502824.3436679378,392959.8615872796,392959.8615872796,-28965.107754643657,-28965.107754643657,-28965.107754643657,3.037930582650006e-07,3.037930582650006e-07,3.037930582650006e-07,-28965.107754947447,-28965.107754947447,-28965.107754947447,0.0,0.0,0.0,363994.75383263594
2014-09-21,392955.6105064405,227897.04024980476,503154.62566814333,392955.6105064405,392955.6105064405,-27864.783989439195,-27864.783989439195,-27864.783989439195,-5.451875040307641e-08,-5.451875040307641e-08,-5.451875040307641e-08,-27864.78398938468,-27864.78398938468,-27864.78398938468,0.0,0.0,0.0,365090.8265170014
2014-09-28,393003.8276484761,225651.96109201646,498592.31519248855,393003.8276484761,393003.8276484761,-30017.39638731767,-30017.39638731767,-30017.39638731767,-1.2993405107408762e-07,-1.2993405107408762e-07,-1.2993405107408762e-07,-30017.396387187742,-30017.396387187742,-30017.396387187742,0.0,0.0,0.0,362986.43126115843
2014-10-05,393375.59883157175,216020.46090749034,488641.5987795374,393375.59883157175,393375.59883157175,-38615.452082710675,-38615.452082710675,-38615.452082710675,1.6787089407444e-07,1.6787089407444e-07,1.6787089407444e-07,-38615.45208287855,-38615.45208287855,-38615.45208287855,0.0,0.0,0.0,354760.14674886107
2014-10-12,393799.83823754196,209917.8248483142,480806.7644125217,393799.83823754196,393799.83823754196,-46211.31824631289,-46211.31824631289,-46211.31824631289,5.568290362134576e-08,5.568290362134576e-08,5.568290362134576e-08,-46211.31824636857,-46211.31824636857,-46211.31824636857,0.0,0.0,0.0,347588.51999122906
2014-10-19,394224.07764351217,215237.29116490798,486032.36866751016,394224.07764351217,394224.07764351217,-43368.4912240914,-43368.4912240914,-43368.4912240914,-2.152883098460734e-07,-2.152883098460734e-07,-2.152883098460734e-07,-43368.49122387612,-43368.49122387612,-43368.49122387612,0.0,0.0,0.0,350855.5864194208
2014-10-26,394657.8377801279,226243.5500407184,498850.110426738,394657.8377801279,394657.8377801279,-31492.065927648484,-31492.065927648484,-31492.065927648484,1.7171259969472885e-08,1.7171259969472885e-08,1.7171259969472885e-08,-31492.065927665655,-31492.065927665655,-31492.065927665655,0.0,0.0,0.0,363165.77185247943
2014-11-02,395405.78202804824,236403.92563754218,509430.6291428222,395405.78202804824,395405.78202804824,-22202.337307670008,-22202.337307670008,-22202.337307670008,1.0037183528766036e-07,1.0037183528766036e-07,1.0037183528766036e-07,-22202.33730777038,-22202.33730777038,-22202.33730777038,0.0,0.0,0.0,373203.44472037815
2014-11-09,396296.53723565233,236188.1298329358,509701.9153010997,396296.53723565233,396296.53723565233,-21762.65721558955,-21762.65721558955,-21762.65721558955,-2.8002250473946333e-07,-2.8002250473946333e-07,-2.8002250473946333e-07,-21762.65721530953,-21762.65721530953,-21762.65721530953,0.0,0.0,0.0,374533.8800200628
2014-11-16,397187.2924432565,243402.97216544824,513517.6227081428,397187.2924432565,397187.2924432565,-19819.938530870008,-19819.938530870008,-19819.938530870008,-2.1504820324480534e-07,-2.1504820324480534e-07,-2.1504820324480534e-07,-19819.938530654945,-19819.938530654945,-19819.938530654945,0.0,0.0,0.0,377367.3539123864
2014-11-23,398078.04765086056,261351.88130880054,535789.7282171707,398078.04765086056,398078.04765086056,566.2301516091466,566.2301516091466,566.2301516091466,1.8739956431090832e-07,1.8739956431090832e-07,1.8739956431090832e-07,566.2301514217588,566.2301514217588,566.2301514217588,0.0,0.0,0.0,398644.2778024697
2014-11-30,399105.8026355901,302660.7294628326,575118.6176646048,399105.8026355901,399105.8026355901,40199.32315312698,40199.32315312698,40199.32315312698,1.7820275388658047e-07,1.7820275388658047e-07,1.7820275388658047e-07,40199.323152948775,40199.323152948775,40199.323152948775,0.0,0.0,0.0,439305.125788717
2014-12-07,400316.22398982017,344149.29680331727,613507.3749204915,400316.22398982017,400316.22398982017,75352.98984863877,75352.98984863877,75352.98984863877,-1.310399966314435e-07,-1.310399966314435e-07,-1.310399966314435e-07,75352.9898487698,75352.9898487698,75352.9898487698,0.0,0.0,0.0,475669.2138384589
2014-12-14,401526.64534405014,347229.6257736653,619538.9088465105,401526.64534405014,401526.64534405014,77341.9007349808,77341.9007349808,77341.9007349808,3.816239768639207e-07,3.816239768639207e-07,3.816239768639207e-07,77341.90073459916,77341.90073459916,77341.90073459916,0.0,0.0,0.0,478868.54607903096
2014-12-21,402737.0666982802,307154.61007862445,580765.8412671385,402737.0666982802,402737.0666982802,41623.3630378871,41623.3630378871,41623.3630378871,1.6061676433309913e-07,1.6061676433309913e-07,1.6061676433309913e-07,41623.363037726514,41623.363037726514,41623.363037726514,0.0,0.0,0.0,444360.42973616737
2014-12-28,403947.56724541937,262066.70852772542,534875.7370216151,403947.56724541937,403947.56724541937,-5215.78371988517,-5215.78371988517,-5215.78371988517,-2.99842213280499e-08,-2.99842213280499e-08,-2.99842213280499e-08,-5215.783719855199,-5215.783719855199,-5215.783719855199,0.0,0.0,0.0,398731.7835255342
2015-01-04,405158.3528870314,237322.29314037692,513814.60351097625,405158.3528870314,405158.3528870314,-29470.82802115489,-29470.82802115489,-29470.82802115489,1.0433723218739033e-08,1.0433723218739033e-08,1.0433723218739033e-08,-29470.828021165325,-29470.828021165325,-29470.828021165325,0.0,0.0,0.0,375687.5248658764
2015-01-11,406369.16228651605,247825.12489293588,524110.3703397801,406369.16228651605,406369.16228651605,-20546.166595429197,-20546.166595429197,-20546.166595429197,2.0385778043419123e-07,2.0385778043419123e-07,2.0385778043419123e-07,-20546.166595633043,-20546.166595633043,-20546.166595633043,0.0,0.0,0.0,385822.9956910868
2015-01-18,407579.9716860007,278964.1515473512,544048.8187051483,407579.9716860007,407579.9716860007,3514.158202259983,3514.158202259983,3514.158202259983,-2.9195507522672415e-07,-2.9195507522672415e-07,-2.9195507522672415e-07,3514.158202551942,3514.158202551942,3514.158202551942,0.0,0.0,0.0,411094.12988826074
2015-01-25,408790.7812460285,291010.6358726569,560829.9738059121,408790.7812460285,408790.7812460285,18217.963133310288,18217.963133310288,18217.963133310288,-2.231899998150766e-07,-2.231899998150766e-07,-2.231899998150766e-07,18217.963133533478,18217.963133533478,18217.963133533478,0.0,0.0,0.0,427008.7443793389
2015-02-01,410001.5927325745,291092.3716975716,562305.2479276712,410001.5927325745,410001.5927325745,16348.555758862385,16348.555758862385,16348.555758862385,1.0315852705389261e-07,1.0315852705389261e-07,1.0315852705389261e-07,16348.555758759227,16348.555758759227,16348.555758759227,0.0,0.0,0.0,426350.1484914368
2015-02-08,411212.4047542644,281413.3154715493,556776.0773721776,411212.4047542644,411212.4047542644,9068.174553874436,9068.174553874436,9068.174553874436,-1.431544660590589e-07,-1.431544660590589e-07,-1.431544660590589e-07,9068.174554017585,9068.174554017585,9068.174554017585,0.0,0.0,0.0,420280.5793081388
2015-02-15,412423.21677595424,281870.6894002538,555226.2846568676,412423.21677595424,412423.21677595424,8250.850170301746,8250.850170301746,8250.850170301746,-2.152810338884592e-07,-2.152810338884592e-07,-2.152810338884592e-07,8250.850170517037,8250.850170517037,8250.850170517037,0.0,0.0,0.0,420674.0669462561
2015-02-22,413634.028797644,294072.27564301976,565515.62694693,413634.028797644,413634.028797644,13403.229636765172,13403.229636765172,13403.229636765172,1.8716673366725445e-07,1.8716673366725445e-07,1.8716673366725445e-07,13403.229636578018,13403.229636578018,13403.229636578018,0.0,0.0,0.0,427037.2584344093
2015-03-01,414844.8408193339,296565.6715303358,567205.6784409478,414844.8408193339,414844.8408193339,16503.549710111496,16503.549710111496,16503.549710111496,1.0075746104121208e-07,1.0075746104121208e-07,1.0075746104121208e-07,16503.549710010746,16503.549710010746,16503.549710010746,0.0,0.0,0.0,431348.39052944543
2015-03-08,416055.6528410238,292319.07092917804,566334.65149963,416055.6528410238,416055.6528410238,14427.188077018865,14427.188077018865,14427.188077018865,-1.8466380424797535e-07,-1.8466380424797535e-07,-1.8466380424797535e-07,14427.188077203527,14427.188077203527,14427.188077203527,0.0,0.0,0.0,430482.8409180427
2015-03-15,417266.4648627137,291093.31451457314,562847.004925979,417266.4648627137,417266.4648627137,11544.685690084516,11544.685690084516,11544.685690084516,1.22214260045439e-07,1.22214260045439e-07,1.22214260045439e-07,11544.685689962305,11544.685689962305,11544.685689962305,0.0,0.0,0.0,428811.1505527981
2015-03-22,418477.2768844034,294748.1195213439,565984.0744779556,418477.2768844034,418477.2768844034,10977.993660646876,10977.993660646876,10977.993660646876,2.1807500161230564e-07,2.1807500161230564e-07,2.1807500161230564e-07,10977.993660428803,10977.993660428803,10977.993660428803,0.0,0.0,0.0,429455.2705450504
2015-03-29,419688.0889060933,291050.53910435457,566445.9336144474,419688.0889060933,419688.0889060933,8806.521698921395,8806.521698921395,8806.521698921395,-6.486516213044524e-08,-6.486516213044524e-08,-6.486516213044524e-08,8806.521698986251,8806.521698986251,8806.521698986251,0.0,0.0,0.0,428494.6106050147
2015-04-05,420898.9009277832,285242.3824585527,557799.425488209,420898.9009277832,420898.9009277832,344.05570874093246,344.05570874093246,344.05570874093246,-1.085645635612309e-07,-1.085645635612309e-07,-1.085645635612309e-07,344.05570884948804,344.05570884948804,344.05570884948804,0.0,0.0,0.0,421242.9566365241
2015-04-12,422109.7129494731,278897.616763735,549462.9961946022,422109.7129494731,422109.7129494731,-10393.072901653213,-10393.072901653213,-10393.072901653213,3.8876169128343463e-07,3.8876169128343463e-07,3.8876169128343463e-07,-10393.072902041982,-10393.072902041982,-10393.072902041982,0.0,0.0,0.0,411716.6400478198
2015-04-19,423320.5249711629,275702.1479846397,543376.3272701832,423320.5249711629,423320.5249711629,-12591.077754087826,-12591.077754087826,-12591.077754087826,-9.456562111154199e-08,-9.456562111154199e-08,-9.456562111154199e-08,-12591.07775399326,-12591.07775399326,-12591.07775399326,0.0,0.0,0.0,410729.4472170751
2015-04-26,424531.33699285274,289036.761473276,561825.3912264255,424531.33699285274,424531.33699285274,-1572.10368452056,-1572.10368452056,-1572.10368452056,-1.2992677511647344e-07,-1.2992677511647344e-07,-1.2992677511647344e-07,-1572.103684390639,-1572.103684390639,-1572.103684390639,0.0,0.0,0.0,422959.23330833216
2015-05-03,425742.14901454264,303649.05902881804,573452.572137139,425742.14901454264,425742.14901454264,13444.956634891518,13444.956634891518,13444.956634891518,1.6400008462369442e-08,1.6400008462369442e-08,1.6400008462369442e-08,13444.956634875103,13444.956634875103,13444.956634875103,0.0,0.0,0.0,439187.10564943415
2015-05-10,426952.96103623253,310873.31971266196,581050.1630776162,426952.96103623253,426952.96103623253,18088.972686740344,18088.972686740344,18088.972686740344,1.1071097105741501e-07,1.1071097105741501e-07,1.1071097105741501e-07,18088.97268662965,18088.97268662965,18088.97268662965,0.0,0.0,0.0,445041.9337229728
2015-05-17,428163.77305792226,302962.405296731,574492.8148727656,428163.77305792226,428163.77305792226,8938.966244288269,8938.966244288269,8938.966244288269,-3.566819941624999e-07,-3.566819941624999e-07,-3.566819941624999e-07,8938.966244644946,8938.966244644946,8938.966244644946,0.0,0.0,0.0,437102.73930221057
2015-05-24,429374.58507961215,290653.6118796597,561154.4952236104,429374.58507961215,429374.58507961215,-2310.6909316847086,-2310.6909316847086,-2310.6909316847086,6.184563972055912e-10,6.184563972055912e-10,6.184563972055912e-10,-2310.690931685324,-2310.690931685324,-2310.690931685324,0.0,0.0,0.0,427063.8941479275
2015-05-31,430585.39710130205,290667.8057654572,562573.6803117939,430585.39710130205,430585.39710130205,-2178.897633346918,-2178.897633346918,-2178.897633346918,1.0313669918105006e-07,1.0313669918105006e-07,1.0313669918105006e-07,-2178.897633450064,-2178.897633450064,-2178.897633450064,0.0,0.0,0.0,428406.49946795515
2015-06-07,431796.2091229919,305546.5510345874,581607.5889534625,431796.2091229919,431796.2091229919,9283.899263733976,9283.899263733976,9283.899263733976,-2.5029294192790985e-07,-2.5029294192790985e-07,-2.5029294192790985e-07,9283.899263984284,9283.899263984284,9283.899263984284,0.0,0.0,0.0,441080.1083867258
2015-06-14,433007.02114468167,316898.01040440646,589606.8423007455,433007.02114468167,433007.02114468167,19043.447608633272,19043.447608633272,19043.447608633272,-7.306516636162996e-08,-7.306516636162996e-08,-7.306516636162996e-08,19043.447608706345,19043.447608706345,19043.447608706345,0.0,0.0,0.0,452050.468753315
2015-06-21,434217.83316637157,314420.42910094536,588061.1591907786,434217.83316637157,434217.83316637157,16216.011266130059,16216.011266130059,16216.011266130059,2.825327101163566e-07,2.825327101163566e-07,2.825327101163566e-07,16216.011265847523,16216.011265847523,16216.011265847523,0.0,0.0,0.0,450433.8444325017
2015-06-28,435428.64518806146,305631.7902165223,573413.5428919198,435428.64518806146,435428.64518806146,3601.9432413137183,3601.9432413137183,3601.9432413137183,-5.908077582716942e-08,-5.908077582716942e-08,-5.908077582716942e-08,3601.9432413727914,3601.9432413727914,3601.9432413727914,0.0,0.0,0.0,439030.58842937514
2015-07-05,436639.45720975136,291855.2653886977,561533.6277537589,436639.45720975136,436639.45720975136,-7008.317622927592,-7008.317622927592,-7008.317622927592,-1.693260855972767e-07,-1.693260855972767e-07,-1.693260855972767e-07,-7008.317622758273,-7008.317622758273,-7008.317622758273,0.0,0.0,0.0,429631.13958682364
2015-07-12,437850.2692314411,289144.3888319171,566524.722809804,437850.2692314411,437850.2692314411,-8421.146511186278,-8421.146511186278,-8421.146511186278,2.138331183232367e-07,2.138331183232367e-07,2.138331183232367e-07,-8421.14651140013,-8421.14651140013,-8421.14651140013,0.0,0.0,0.0,429429.1227202549
2015-07-19,439061.081253131,296474.60072897316,574393.740219981,439061.081253131,439061.081253131,-3912.0261276636593,-3912.0261276636593,-3912.0261276636593,1.3221870176494122e-07,1.3221870176494122e-07,1.3221870176494122e-07,-3912.0261277958825,-3912.0261277958825,-3912.0261277958825,0.0,0.0,0.0,435149.05512546736
2015-07-26,440271.8932748209,305063.39373026154,577246.5753876371,440271.8932748209,440271.8932748209,-345.6517083329454,-345.6517083329454,-345.6517083329454,-5.774199962615967e-08,-5.774199962615967e-08,-5.774199962615967e-08,-345.6517082752046,-345.6517082752046,-345.6517082752046,0.0,0.0,0.0,439926.241566488
2015-08-02,441482.7052965108,306077.54524941696,582267.4392216695,441482.7052965108,441482.7052965108,455.7994766784759,455.7994766784759,455.7994766784759,3.3396645449101925e-08,3.3396645449101925e-08,3.3396645449101925e-08,455.79947664507506,455.79947664507506,455.79947664507506,0.0,0.0,0.0,441938.50477318926
2015-08-09,442693.5173182005,307201.53499975154,582060.5802258314,442692.87566299725,442694.4117231887,1037.652132091207,1037.652132091207,1037.652132091207,2.888191374950111e-07,2.888191374950111e-07,2.888191374950111e-07,1037.6521318023824,1037.6521318023824,1037.6521318023824,0.0,0.0,0.0,443731.1694502917
2015-08-16,443904.3293398904,306764.73538095376,583197.8913623453,443861.74466244533,443951.5488651029,1442.6675315850225,1442.6675315850225,1442.6675315850225,-3.576496965251863e-07,-3.576496965251863e-07,-3.576496965251863e-07,1442.6675319426777,1442.6675319426777,1442.6675319426777,0.0,0.0,0.0,445346.9968714755
2015-08-23,445115.1413615803,302883.11434918316,576204.2579302874,444953.27022748376,445274.4062470336,-2464.2916016843665,-2464.2916016843665,-2464.2916016843665,2.4054315872490406e-08,2.4054315872490406e-08,2.4054315872490406e-08,-2464.2916017084126,-2464.2916017084126,-2464.2916017084126,0.0,0.0,0.0,442650.84975989594
2015-08-30,446325.9533832702,296007.92626628256,571839.016891256,445997.2402965991,446630.156984213,-12569.72409973955,-12569.72409973955,-12569.72409973955,-1.6807462088763714e-09,-1.6807462088763714e-09,-1.6807462088763714e-09,-12569.724099737865,-12569.724099737865,-12569.724099737865,0.0,0.0,0.0,433756.22928353056
2015-09-06,447536.76540496,285674.72258047113,556662.9063770913,446977.44845050754,448005.17615972226,-23720.70610508787,-23720.70610508787,-23720.70610508787,-1.8066202756017447e-07,-1.8066202756017447e-07,-1.8066202756017447e-07,-23720.70610490721,-23720.70610490721,-23720.70610490721,0.0,0.0,0.0,423816.05929987214
2015-09-13,320410.4316290672,253772.16700053384,449550.15560620197,319875.8658860664,320861.33479749673,31312.131797158352,31312.131797158352,31312.131797158352,51837.13913983452,51837.13913983452,51837.13913983452,-20525.007342676174,-20525.007342676174,-20525.007342676174,0.0,0.0,0.0,351722.5634262256
